Country,ISO3,Inform Risk,Risk Class,Rank,Lack of Reliability (*),Hazard & Exposure,Natural,Earthquake,River Flood,Tsunami,Tropical Cyclone,Coastal flood,Drought,Epidemic,Human,Projected Conflict Risk,Current Highly Violent Conflict Intensity,Vulnerability,Socio-Economic Vulnerability,Development & Deprivation,Inequality,Economic Dependency,Vulnerable Groups,Uprooted people,Health Conditions,Children U5,Recent Shocks,Food Security,Other Vulnerable Groups,Lack of Coping Capacity,Institutional,DRR,Governance,Infrastructure,Communication,Physical infrastructure,Access to health care,Number of Missing Indicators,% of Missing Indicators,Countries in HVC,Recentness data (average years),Corruption
Afghanistan,AFG,8.1,Very High,4,3.047619048,8.7,5.7,8.7,7.3,0,0,0,8.6,6.9,10,10,10,8.5,8.3,8.7,9,6.9,8.6,10,2,4.3,7.3,7.1,5.6,7.1,7.2,6.3,8,7,6.3,6.5,8.1,4,0.078431373,YES,0.257142857,8
Albania,ALB,3.1,Low,104,2.873631841,3.4,5.7,8.3,4.6,6.8,0,7.4,4.4,4.5,0.1,0.1,0,2.1,2.4,1.9,1.5,4.2,1.7,2.9,0.2,0.5,0,1,0.4,4.2,5.7,x,5.7,2.3,2,1.4,3.4,6,0.117647059,,0.23880597,6.3
Algeria,DZA,3.6,Medium,81,1.899543379,3.8,3.2,7.9,3.6,1.4,0,0.7,1.6,3.5,4.4,6.3,0,2.8,2.4,2.9,3.7,0.2,3.2,5.3,0.3,1.2,0,0,0.4,4.4,5,3.5,6.5,3.7,2.9,4.1,4.1,0,0,,0.356164384,6.4
Angola,AGO,5.2,High,32,1.801801802,4.2,2.9,0.1,3.9,0,0,3.4,3.7,6.8,5.3,7.5,0,5.1,5.8,8,6.9,0.2,4.3,4.7,4.5,4.8,0.1,5.2,3.9,6.7,6.1,5.2,6.9,7.3,6.3,7.9,7.8,0,0,,0.337837838,6.7
Antigua and Barbuda,ATG,2.3,Low,151,6.666666667,2,3.7,5.1,0,0,8.2,4.3,0,3.3,0,0,0,1.7,2.4,2.2,x,2.7,0.9,0,0.1,0.5,0,5,1.7,3.6,5.4,5.4,5.3,1.3,0.2,0.7,3.1,18,0.352941176,,0.5,0
Argentina,ARG,2.9,Low,116,3.430845771,2.5,4.3,5.5,7.7,0,0,3.7,5.5,3.9,0.3,0.4,0,2.7,1.5,0.9,4.1,0.1,3.7,6,0.3,0.5,0.2,0.9,0.5,3.6,4.9,3.8,6,2.1,1.3,3,1.9,6,0.117647059,,0.343283582,6.3
Armenia,ARM,2.9,Low,116,2.628571429,2,3.5,7.3,5.3,0,0,0,3.1,5.1,0.1,0.2,0,2.8,1.8,1.5,1.8,2.3,3.7,5.9,0.3,0.7,0.6,0.4,0.5,4.5,6.5,7.5,5.5,1.6,1.4,1.2,2.1,3,0.058823529,,0.342857143,5.3
Australia,AUS,2.4,Low,143,3.428571429,2.7,4.7,0.1,5.4,5.7,4.1,6.2,7,2.3,0.2,0.3,0,2.3,0.4,0,1.7,0,3.8,6.1,0.1,0.3,0.5,0.9,0.5,2.1,2.4,2.4,2.3,1.7,1.8,3,0.2,10,0.196078431,,0.142857143,2.5
Austria,AUT,1.9,Very Low,166,4.444444444,1.5,2.5,3.9,7.2,0,0,0,1.1,2.4,0.3,0.4,0,3.2,0.3,0,1,0.1,5.3,8,0.1,0.3,0,0,0.1,1.5,2.2,2,2.4,0.7,1.6,0,0.6,13,0.254901961,,0.183333333,2.9
Azerbaijan,AZE,4.8,Medium,40,4.048484848,5,4,7.8,6.6,0,0,0,3.5,5.3,5.8,8.3,0,5,2.7,3.1,3.9,0.7,6.6,9.2,0.3,1.3,0,0.8,0.6,4.5,6.1,x,6.1,2.4,1.6,2.7,3,7,0.137254902,,0.409090909,7.7
Bahamas,BHS,2.1,Very Low,157,5.627118644,1.7,3.2,0.1,0,0,7.4,6.1,1.1,3.7,0,0,0,1.7,2,1.8,4.4,0,1.4,0.9,0.7,1,0,5,1.9,3.1,3.9,x,3.9,2.2,1.7,2,2.9,15,0.294117647,,0.305084746,3.6
Bahrain,BHR,1.4,Very Low,184,5.066666667,0.9,1.5,0.1,0,0,0,5.3,0,3.3,0.3,0.4,0,1,0.9,0.5,2.4,0,1,1.2,0.2,0.5,0,2.4,0.8,2.8,4.2,3.8,4.6,1.2,1,0,2.5,15,0.294117647,,0.2,5.8
Bangladesh,BGD,5.7,High,25,1.701408451,6.9,8.2,8.9,9.9,8.1,7.9,8.9,2.4,7.5,4.9,7,0,5.5,4.6,6.3,4.5,1.3,6.2,8.1,2,3.6,2.9,3.5,3,4.8,5,3,6.9,4.5,3.9,4.6,5,3,0.058823529,,0.169014085,7.6
Barbados,BRB,2,Very Low,164,5.968253968,2.2,3.9,5.3,0,3.7,8.1,1.5,0.5,4.3,0,0,0,1.5,2.4,2.8,3.6,0.2,0.4,0,0.6,0.9,0.4,1.4,0.8,2.5,3.2,2.7,3.7,1.8,1.5,0.2,3.6,10,0.196078431,,0.619047619,3.1
Belarus,BLR,1.8,Very Low,172,2.953846154,0.9,1.7,0.1,5.8,0,0,0,1.6,2.5,0.1,0.2,0,2,1.3,1.8,0.7,0.7,2.6,4.4,0.5,0.2,0,1,0.4,3,4.6,2.8,6.3,1,1.3,0.3,1.5,8,0.156862745,,0.153846154,6.3
Belgium,BEL,2.1,Very Low,157,4.94863388,1.9,3.4,2.9,6.2,0,0,7.7,1.1,1.9,0.2,0.3,0,2.6,0.2,0,0.5,0.4,4.4,7,0.1,0.3,0.2,0,0.2,1.8,2.7,x,2.7,0.9,1.9,0,0.8,12,0.235294118,,0.327868852,2.7
Belize,BLZ,3.6,Medium,81,4.066666667,2.1,3.7,2,2.2,3,5,6,2.7,4.2,0.1,0.1,0,4.4,4.5,4.5,4.9,3.9,4.3,3,0.7,1,10,1.8,5.4,5,6,x,6,3.9,3.6,3,5.2,9,0.176470588,,0.3125,0
Benin,BEN,4.3,Medium,58,1.377777778,2.5,3.1,0.1,6.6,0,0,1.9,0,7.6,1.8,2.6,0,4.8,6.3,8.7,5.6,2.2,2.8,2.3,4.2,5.1,0.3,2.4,3.2,6.6,5.6,5.5,5.6,7.4,6.6,8.3,7.4,1,0.019607843,,0.208333333,5.7
Bhutan,BTN,2.8,Low,124,4.537198068,1.5,2.8,6.8,4.2,0,0,0,0,5.2,0.1,0.1,0,3.7,5.6,6.9,4.3,4.4,1.2,0,1.5,2.5,0,4.4,2.2,4,3.9,4.5,3.3,4,3,4.3,4.7,6,0.117647059,,0.550724638,3.2
Bolivia,BOL,3.6,Medium,81,3.37254902,2.4,4.2,7.1,5.5,0,0,0,6.8,5.3,0.2,0.3,0,3.7,4,5.1,4.8,1.1,3.4,3.6,0.7,1.4,3.7,5.5,3.1,5.3,6.2,5.6,6.7,4.3,2.5,4.8,5.7,5,0.098039216,,0.382352941,7.1
Bosnia and Herzegovina,BIH,3.1,Low,104,6.4,1.5,2.8,6,5.9,0.3,0,0,2.5,2.1,0.1,0.1,0,3.8,3,2.9,1.9,4.3,4.6,6.9,0.3,0.4,2.3,1,1,5,6.9,x,6.9,2.2,1.8,1.3,3.5,9,0.176470588,,0.84375,6.5
Botswana,BWA,2.6,Low,132,3.012206573,1.1,2,0.1,3.6,0,0,0,5,3.7,0.1,0.1,0,3.7,4.7,5.7,6.7,0.6,2.5,1.2,5.1,2.7,0,5.8,3.7,4.5,4.9,5.6,4.2,4,2.5,4.4,5.2,2,0.039215686,,0.464788732,4.1
Brazil,BRA,4.6,Medium,47,3.351243781,5.7,4,0.5,7.7,0,0,5,4.5,6,7,10,0,3.9,3.4,3.7,6.1,0.1,4.3,6.6,0.7,0.9,0.3,1.1,0.8,4.3,5.2,4.3,6.1,3.2,2.1,3.4,4.1,6,0.117647059,,0.328358209,6.4
Brunei Darussalam,BRN,2.4,Low,143,6.174011299,1.3,2.5,0.1,4.9,1.9,0,3.3,1.6,4.3,0,0,0,2.9,1.6,1.4,3.5,0,4.1,6.3,0.6,1.5,0,1.7,1,3.5,4.6,6,3.1,2.1,1,2.5,2.9,14,0.274509804,,0.457627119,0
Bulgaria,BGR,2.7,Low,128,3.856410256,1.8,3.3,6.2,5.1,0,0,2.9,1.9,4.6,0.1,0.1,0,3.6,2,2.1,3.4,0.5,5,7.5,0.2,0.5,0.1,2.1,0.8,3.1,4.4,3.2,5.5,1.5,1.8,1.4,1.3,8,0.156862745,,0.323076923,5.5
Burkina Faso,BFA,7,Very High,12,1.607305936,6.9,2.6,0.1,2.2,0,0,0,5,7.2,9,9.5,9,7.9,7.5,9.6,7,3.8,8.3,9.8,3.2,5.2,7.5,3.9,5.2,6.4,4.7,3.2,6.2,7.7,7.3,9.1,6.6,0,0,YES,0.301369863,5.9
Burundi,BDI,5.6,High,26,1.830630631,4.1,3,4.5,2.5,0,0,0,4,6.9,5,7.2,0,6.4,7.2,9.6,5.1,4.3,5.4,6.2,3.3,5.1,0.1,7.3,4.4,6.7,6.3,4.6,8,7.1,7.6,7.1,6.7,2,0.039215686,,0.243243243,8
Cabo Verde,CPV,2.4,Low,143,3.428571429,0.9,1.6,0.1,0,0,0,0,4.9,4.6,0.1,0.1,0,3.9,5.2,4.8,4.6,6.5,2.2,1.1,1.2,1,3.8,5.5,3.1,3.7,4,3.4,4.5,3.4,2.6,2.9,4.7,10,0.196078431,,0.142857143,3.6
Cambodia,KHM,4.3,Medium,58,2.148792271,2.7,4.6,0.1,8.7,2.9,1.8,3.8,3.9,6.5,0.3,0.4,0,4.8,5.6,6.5,6.1,3.3,3.9,5.5,2.3,2.8,0.6,1.8,1.9,6,6.8,6.8,6.7,5,3.3,5.8,5.8,4,0.078431373,,0.202898551,7.8
Cameroon,CMR,6.6,High,19,2.09009009,7.2,3.8,0.1,6.6,0,0,2.6,4.2,7.9,9,9.7,9,6.8,5.9,7.8,6.5,1.5,7.5,9.3,4.5,3.9,4.5,2,3.8,5.9,4.9,2.6,7.1,6.7,4.9,7.5,7.8,0,0,YES,0.391891892,7.3
Canada,CAN,2.4,Low,143,4.444444444,2.5,4.3,4.7,7.1,5.7,2.3,5.4,1.4,1.6,0.1,0.1,0,2.4,0.4,0,1.4,0,4.1,6.6,0.1,0.4,0.1,0.3,0.2,2.4,2.6,3,2.2,2.2,2.1,3,1.5,13,0.254901961,,0.183333333,2.4
Central African Republic,CAF,8.7,Very High,1,3.352657005,8.1,3.2,0.1,6,0,0,0,2.2,8.2,10,9.8,10,9.1,8.9,9.9,9,6.7,9.2,9.5,8.1,6.3,10,9.4,8.8,8.8,8,x,8,9.4,8.8,9.7,9.7,6,0.117647059,YES,0.202898551,7.6
Chad,TCD,7.8,Very High,5,1.476056338,7.1,3.6,0.1,8.1,0,0,0,3.8,7,9,9.8,9,7.8,7.1,10,5.9,2.6,8.3,9.1,3.4,6.2,9.2,7.6,7.1,8.7,8,x,8,9.2,8.6,9.9,9.2,3,0.058823529,YES,0.126760563,8
Chile,CHL,3.2,Medium,97,3.566666667,3.3,5.5,9.6,5.5,8.6,0,2.7,0.3,2.5,0.1,0.2,0,3.6,1.4,0.9,3.8,0.1,5.3,7.9,0.5,0.3,0.2,1.6,0.7,2.7,3.4,3.2,3.5,1.9,1.2,2.7,1.9,9,0.176470588,,0.21875,3.4
China,CHN,3,Low,110,4.483333333,5.5,7.8,6.7,9.3,9,7.8,9,4.6,5.5,1.7,2.4,0,1.6,2.6,3.6,3,0,0.4,0.1,0.3,0.5,0.6,0.9,0.6,3.2,3.5,2.5,4.4,2.8,1.8,3.6,2.9,9,0.176470588,,0.390625,5.8
Colombia,COL,5.3,High,29,2.514285714,6.7,6.3,8.8,6.9,8.1,4,6.2,1.4,5.4,7,9.7,7,6.2,3.9,4,6.2,1.2,7.7,10,0.7,0.9,0.3,1.5,0.9,3.5,4.3,3,5.6,2.7,1.6,3.4,3.2,4,0.078431373,YES,0.271428571,6
Comoros,COM,3.3,Medium,94,4.723809524,1.1,2,0.1,0,1.9,1.4,2.9,0,5.7,0.1,0.2,0,4.8,7,7.7,5.1,7.3,1.4,0,2,3.8,0,4.2,2.7,7.1,8.1,7.8,8.4,5.9,5.1,5.8,6.9,4,0.078431373,,0.685714286,8
Congo,COG,5,High,36,3.408219178,3,3.2,0.1,7.5,0,0,2.1,0.6,6.8,2.8,4,0,5.7,5.5,7.1,6.8,0.9,5.8,6.3,6,3,1.5,8.2,5.3,7.5,8,x,8,7,5.8,8,7.1,1,0.019607843,,0.589041096,7.8
Congo DR,COD,7.7,Very High,6,2.286757991,7.2,4,4.2,7,0,0,1,2.3,8.3,9,10,9,7.9,6.7,8.9,6.2,2.6,8.8,9.4,5.2,5.6,10,8.4,8,8,7.9,7.5,8.2,8.1,6.8,9.6,7.8,2,0.039215686,YES,0.328767123,8
Costa Rica,CRI,3.2,Medium,97,1.994202899,3.1,5.3,9.1,2.4,8.3,1.3,4.1,1,4.9,0.1,0.1,0,4.3,2.1,1.5,4.7,0.6,6,8.3,0.3,0.6,3.8,1.7,1.7,2.4,3.1,1.5,4.6,1.7,1.2,1.9,2.1,4,0.078431373,,0.173913043,4.5
Côte d'Ivoire,CIV,4.6,Medium,47,1.297297297,2.2,2.9,0.1,4.7,0.9,0,2.1,0.6,7.7,1.4,2,0,6.5,5.8,8,5.7,1.3,7.1,9.1,4.9,4.5,0,1.7,3,6.6,7,7.8,6.2,6.1,3.1,7.4,7.9,0,0,,0.243243243,6
Croatia,HRV,2.4,Low,143,3.712820513,2.4,4.2,5.6,6.8,5.8,0,5,1.4,2.1,0.1,0.1,0,2,1,0.8,1.2,1.3,2.9,4.7,0.1,0.4,0.2,1.3,0.5,3,4.4,4.4,4.4,1.2,1.7,0.2,1.6,9,0.176470588,,0.246153846,5
Cuba,CUB,2.8,Low,124,3.183838384,2.8,4.8,5,0.5,3.2,8,5.7,3.3,4.9,0.1,0.1,0,2.7,2.3,2.2,4,0.8,3,0,0.4,0.5,10,1.3,5.2,2.9,4,2.5,5.5,1.6,2.5,1.8,0.5,8,0.156862745,,0.196969697,5.8
Cyprus,CYP,2.6,Low,132,3.682539683,1.6,3,6.9,0,4,0,2.9,2.1,2.9,0,0,0,4.2,0.6,0.1,1.7,0.3,6.6,9.2,0.1,0.2,0,2.1,0.6,2.6,4.2,x,4.2,0.7,0.9,0,1.2,10,0.196078431,,0.19047619,4.7
Czech Republic,CZE,1.8,Very Low,172,4.686338798,0.9,1.6,0.5,5.7,0,0,0,1.6,1.9,0.1,0.1,0,3.5,0.4,0.2,1,0.3,5.7,8.4,0.1,0.2,0,1.1,0.4,1.9,3.1,2.5,3.6,0.6,1.4,0,0.3,12,0.235294118,,0.278688525,4.3
Denmark,DNK,1.4,Very Low,184,3.191397849,1.1,2,0.1,0,0,0,7.1,1.9,1.8,0.1,0.1,0,2.2,0.1,0,0.4,0.1,3.9,6.3,0.1,0.3,0,1,0.4,1.2,1.9,2.7,1,0.5,1.3,0,0.2,11,0.215686275,,0.048387097,1
Djibouti,DJI,4.9,High,37,3.264646465,3.2,4.7,5.4,0,4.9,0,4.3,8.5,5.1,1.3,1.8,0,5.9,6.1,7.8,4.1,4.7,5.7,6,1.9,3.9,8.5,4.7,5.3,6.1,6.2,5.5,6.8,6,4.9,5.8,7.3,8,0.156862745,,0.212121212,7
Dominica,DMA,3,Low,110,5.086419753,2.1,3.8,3.8,0,5.5,7.8,2,0,3.8,0,0,0,3.1,4.9,3.6,x,7.4,0.8,0,0.2,2.8,0,2.5,1.5,4.1,4.9,x,4.9,3.1,2.6,1,5.6,19,0.37254902,,0.203703704,4.4
Dominican Republic,DOM,4.1,Medium,65,1.685024155,4,6.5,9.1,2.3,5.1,10,4.8,0,5.7,0.2,0.3,0,4.2,3.1,3.1,4.6,1.6,5.1,6.3,1.4,1.6,7.2,1.6,3.5,4.2,5.3,4.6,5.9,3,2.1,2,4.9,4,0.078431373,,0.115942029,6.5
Ecuador,ECU,4.7,Medium,45,2.901960784,5.7,6.5,9.5,6.5,9,0,4.9,3.4,5.4,4.8,6.9,0,4.7,3.1,3.3,5,0.9,6,8.3,0.4,1.1,1.5,4.1,1.9,3.9,4.5,3,5.9,3.3,2.3,3.1,4.5,5,0.098039216,,0.294117647,6.6
Egypt,EGY,4.9,High,37,2.336150235,6.5,6.1,4.6,9.9,5.9,0,9,0,3.2,6.9,9.9,0,3.9,3.5,4.1,3.8,1.8,4.2,6.4,0.2,1.6,0,1.5,0.9,4.6,5.4,4.2,6.5,3.6,3.3,3.2,4.3,2,0.039215686,,0.338028169,6.5
El Salvador,SLV,4,Medium,73,3.462801932,3.5,5.6,9.2,3.5,7.6,1.3,4.3,3.2,5.4,0.7,1,0,4.1,4.5,5.1,4.3,3.6,3.7,5.6,1.1,1.1,0.1,2.4,1.2,4.3,5.7,5.2,6.2,2.5,1.8,2.4,3.4,4,0.078431373,,0.449275362,6.9
Equatorial Guinea,GNQ,3.1,Low,104,5.702564103,1.3,2.3,0.1,2,0,0,1.9,3.3,6.4,0.1,0.2,0,3.3,4.1,6.1,x,0.1,2.5,0,6.2,3.6,0,6.1,4.4,7,7.8,x,7.8,6,4.3,6.6,7.1,10,0.196078431,,0.569230769,8.3
Eritrea,ERI,6,High,24,5.04973545,7,3.1,3.5,1.3,0,0,4,4.4,6.3,9,0.5,9,4.1,5.7,8.2,x,0.8,2.1,0,1,5.9,0,6.2,3.8,7.7,8.1,x,8.1,7.3,6.2,9.7,6.1,11,0.215686275,YES,0.396825397,7.9
Estonia,EST,1.6,Very Low,179,4.19047619,0.8,1.5,0.1,5.5,0,0,2.1,0,1.4,0,0,0,3.5,0.5,0.2,1.4,0.2,5.6,8.2,0.5,0.2,0,1.6,0.6,1.5,2.4,x,2.4,0.6,0.9,0.1,0.9,10,0.196078431,,0.285714286,2.4
Eswatini,SWZ,3.3,Medium,94,2.0456621,1.5,1.8,0.1,1.8,0,0.2,0,4.8,3.9,1.2,1.7,0,4.5,5.8,6.6,7.3,2.5,2.8,2.4,5,2.7,0,3.9,3.1,5.3,5.6,4.4,6.8,4.9,3,5.2,6.4,0,0,,0.383561644,7
Ethiopia,ETH,7,Very High,12,1.297297297,7.2,3.7,4.6,5.1,0,0,0,4.8,7.4,9,10,9,7.2,6.1,8.9,4.7,1.9,8,8.9,2.8,4.2,10,5.4,6.7,6.7,4.6,2.9,6.2,8.1,7.1,9.8,7.4,0,0,YES,0.243243243,6.3
Fiji,FJI,2.9,Low,116,3.112437811,2.8,4.9,3.1,0,7.1,6.9,7.1,3.1,3.6,0,0,0,3.2,4.2,3.1,2.8,7.7,2,0,4,1.6,5.9,2.3,3.6,2.7,2.2,0.1,4.3,3.1,1.8,3.1,4.3,6,0.117647059,,0.28358209,4.8
Finland,FIN,1.5,Very Low,182,4.51147541,1.3,2.3,0.1,6.2,0,0,5.3,0.6,1.3,0.1,0.1,0,2.2,0.2,0,0.5,0.1,3.9,6.2,0.1,0.2,0,1.2,0.4,1.3,1.7,2.2,1.2,0.8,1.4,0.5,0.5,12,0.235294118,,0.245901639,1.3
France,FRA,2.4,Low,143,3.513227513,2.3,3.9,2.8,7.5,2.5,0,7.4,1.5,1.6,0.4,0.6,0,3,0.4,0,1.3,0.2,5,7.6,0.2,0.3,0.1,0.6,0.3,1.9,2.8,2.9,2.7,1,2,0.1,0.8,10,0.196078431,,0.158730159,2.9
Gabon,GAB,3.2,Medium,97,3.30821256,1.7,3.1,0.1,5.6,0,0,5.1,0.6,6.6,0.1,0.1,0,3.4,4.2,5.5,5.3,0.6,2.6,1,6.1,2.2,0.1,5.8,4,5.9,6.8,6.7,6.9,4.8,2.5,6.1,5.9,4,0.078431373,,0.420289855,7.2
Gambia,GMB,3.6,Medium,81,0.438356164,1.5,2.7,0.1,4.6,1.1,0,2.5,2.7,6,0.1,0.1,0,5.8,7.4,8.3,5.8,7.2,3.5,3.8,2.7,3.2,0.5,5.4,3.1,5.4,4.8,3,6.5,6,5.7,5.2,7.2,0,0,,0.082191781,6.3
Georgia,GEO,3.5,Medium,91,1.638095238,2.6,4.5,7.2,6.1,0,0,5.9,3.9,5.1,0.1,0.2,0,5,2.9,1.2,3,6.2,6.6,9.1,0.5,0.6,1.7,1.1,1,3.2,4.4,4.7,4.1,1.7,1.3,1.3,2.4,3,0.058823529,,0.157142857,4.7
Germany,DEU,2.4,Low,143,3.733333333,2.4,4.1,3.7,7.8,0,0,8,1.6,2,0.4,0.5,0,3.7,0.4,0,1.4,0.1,6,8.7,0.1,0.2,0,0.3,0.2,1.6,2.5,2.7,2.2,0.6,1.5,0,0.4,9,0.176470588,,0.25,2.2
Ghana,GHA,3.5,Medium,91,1.315068493,2.2,3.2,0.1,4.6,1.7,0,4.3,0.6,7.5,1.1,1.5,0,4,5.2,6.6,5.9,1.8,2.5,3,3.5,3.1,0,1,2,4.8,4.5,3.4,5.5,5.1,3.1,6.5,5.7,0,0,,0.246575342,5.7
Greece,GRC,2.6,Low,132,3.983333333,2.8,4.9,8.1,3.8,7.2,0,5,0.8,5,0.1,0.1,0,2.9,0.7,0.3,1.9,0.1,4.6,7.1,0.2,0.3,0.5,1,0.5,2.2,3.4,2.3,4.5,0.8,1.8,0,0.6,9,0.176470588,,0.296875,5.1
Grenada,GRD,2.2,Low,154,5.842424242,1.4,2.6,3.4,0,0,6,2.5,0.5,3.7,0,0,0,2.1,3.2,2.1,x,5.4,0.9,0,0.1,1.2,0,5,1.8,3.7,4.8,4.7,4.9,2.5,2.3,0.6,4.5,19,0.37254902,,0.345454545,4.7
Guatemala,GTM,5.1,High,33,2.844444444,4.1,5.8,9.5,4.2,6.8,3.7,3.7,3.5,5.3,1.8,2.6,0,6.1,5.7,6.9,6.1,2.8,6.5,7.1,1,2.5,10,3.2,5.9,5.3,6.3,5.5,7.1,4.2,3.1,4.3,5.1,4,0.078431373,,0.333333333,7.7
Guinea,GIN,4.5,Medium,50,1.701408451,2.8,3.7,0.1,5.5,2.7,0,4.9,0.3,8,1.8,2.6,0,4.7,6.2,9.1,4.8,1.6,2.8,1.6,5.3,5.6,0.3,2.7,3.8,6.9,6.1,5,7.2,7.6,6.4,7.9,8.5,3,0.058823529,,0.169014085,7.4
Guinea-Bissau,GNB,3.9,Medium,74,1.422222222,1.4,2.3,0.1,2.7,0,0,2.1,1.5,7.1,0.3,0.4,0,5.4,6.9,8.9,5.4,4.5,3.4,0,6.2,4.7,0,8.8,5.8,7.9,7.9,7.8,7.9,7.8,6.4,8.7,8.2,2,0.039215686,,0.166666667,7.8
Guyana,GUY,3.6,Medium,81,2.23681592,2.4,4.2,0.1,6.9,2.5,0,7,3.8,5.3,0.1,0.1,0,4,3.8,3.4,6.1,2.4,4.1,5.7,3.7,2.1,1.1,0.6,2,4.7,5.8,x,5.8,3.4,2.3,4.1,3.9,6,0.117647059,,0.119402985,6
Haiti,HTI,7.2,Very High,9,3.540096618,8,6.4,8.4,4.6,4.1,8.9,4.5,3.3,7.4,9,8.9,9,6.6,6.9,8,6.3,5.3,6.2,6.8,2.5,3.3,3.5,9.2,5.5,7.2,7.8,6.7,8.9,6.4,6.3,5.1,7.9,4,0.078431373,YES,0.463768116,8.3
Honduras,HND,4.8,Medium,40,2.666666667,3.7,5.7,8.1,5.4,6.4,4.6,4,4.4,5.4,1,1.4,0,5.6,5.7,6,5.8,5.1,5.4,7.5,0.9,1.5,1.2,4.7,2.2,5.3,6.2,5.2,7.2,4.3,3.7,3.8,5.4,5,0.098039216,,0.25,7.7
Hungary,HUN,1.9,Very Low,166,4.051612903,1.7,3,1.8,7.3,0,0,0,2.7,5.4,0.1,0.1,0,2.1,1.2,1.1,2.1,0.4,2.9,4.8,0.1,0.3,0,1.4,0.5,2,3.1,1.4,4.8,0.8,1.5,0.1,0.9,11,0.215686275,,0.209677419,5.8
Iceland,ISL,1.6,Very Low,179,3.911111111,1.3,2.5,5.4,0,0,0,6.5,0,2.4,0,0,0,1.6,0.2,0,0.5,0.1,2.8,4.6,0.1,0.2,0,1.4,0.4,2,2.2,x,2.2,1.7,1.4,2.6,1,13,0.254901961,,0.083333333,2.8
India,IND,5.3,High,29,1.916908213,7.4,7.7,8.3,9.2,7.8,7.7,7.7,4.4,7.4,7,10,0,4.7,4.3,6.1,4.6,0.4,5,6.4,2.4,4.7,0.2,4.6,3.2,4.2,3.5,1.8,5.2,4.8,4.1,4.2,6,4,0.078431373,,0.15942029,6.1
Indonesia,IDN,4.6,Medium,47,1.714285714,6.7,7.3,8.9,8.3,9.3,1.5,8.1,2.2,7,6.1,8.7,0,3.3,3.3,4.1,4.6,0.2,3.3,4.4,2.6,2.8,0.6,1.7,2,4.4,4.4,3.3,5.4,4.3,2.1,4,6.8,3,0.058823529,,0.171428571,6.6
Iran,IRN,5.4,High,28,5.119402985,7.4,6.6,9.3,7.3,5.5,1.6,7.4,4.8,6.5,8,10,8,4.8,2.6,2.5,5.1,0.2,6.5,8.9,0.1,1,1.9,2.1,1.3,4.5,5.8,4.4,7.1,2.9,1.7,3.6,3.5,7,0.137254902,YES,0.417910448,7.6
Iraq,IRQ,6.7,High,16,3.888888889,8.6,5.6,5,9.5,0,0,4.5,6.8,6.9,10,10,10,5.5,3.9,5,4.3,1.2,6.7,8.8,0.3,1.4,3.9,4.1,2.6,6.5,8.1,8.4,7.7,4,3.4,3.1,5.6,5,0.098039216,YES,0.333333333,7.7
Ireland,IRL,1.7,Very Low,175,3.449462366,1.2,2.2,0.1,3.6,1.8,0,5.9,0.6,1.5,0,0,0,2.4,0.3,0,1.1,0,4.1,6.6,0.2,0.2,0,0,0.1,1.6,2.2,x,2.2,1,1.7,0.5,0.8,11,0.215686275,,0.096774194,2.3
Israel,ISR,1.8,Very Low,172,4.977777778,2,3.5,6.9,0.3,2.7,0,2.4,5.3,4.1,0.3,0.4,0,1.6,0.6,0,2.3,0.1,2.5,4.4,0.1,0.3,0,0,0.1,1.9,3.1,x,3.1,0.6,1.4,0,0.4,13,0.254901961,,0.283333333,3.8
Italy,ITA,2.5,Low,139,3.483333333,2.9,5,7.7,6.2,6.2,0,6.5,2.3,2.6,0.1,0.2,0,2.6,0.5,0.1,1.7,0.1,4.3,6.8,0.1,0.2,0.1,0.2,0.2,2.1,3.4,2.4,4.4,0.6,1.5,0,0.4,9,0.176470588,,0.203125,4.4
Jamaica,JAM,2.9,Low,116,4.65,2.9,5,7.9,0,0,8.2,5.4,2.5,5.5,0.1,0.2,0,2.3,3.7,3.8,4.5,2.8,0.6,0,0.9,0.8,0,3,1.2,3.6,4.1,3.3,4.9,3,2.3,1.9,4.9,9,0.176470588,,0.421875,5.6
Japan,JPN,2.3,Low,151,4.9,5.5,8.3,9.7,7.8,10,9.2,9.4,0.6,3.5,0.1,0.2,0,1.5,0.4,0,1.6,0,2.4,3.6,0.1,0.5,0,2.8,0.9,1.5,2.2,1.9,2.5,0.8,1.2,0.1,1.1,9,0.176470588,,0.46875,2.7
Jordan,JOR,3.8,Medium,76,3.669651741,2.1,3.3,7.3,0.4,0,0,0.2,6.7,3.9,0.7,1,0,6.2,3.8,2.3,4.3,6.1,7.8,10,0.1,0.9,0,4.3,1.5,4.2,5.5,6.1,4.9,2.7,2.2,2.4,3.5,6,0.117647059,,0.388059701,5.4
Kazakhstan,KAZ,3.2,Medium,97,3.34741784,6.4,4,5.6,7.6,0,0,0,6.1,3.9,8,0.2,8,1.4,1,1.3,1.4,0.1,1.8,3,0.6,0.6,0.1,0.2,0.4,3.6,4.8,3.8,5.7,2.2,1.2,3.5,1.9,3,0.058823529,YES,0.352112676,6.1
Kenya,KEN,6.6,High,19,1.441441441,8.3,4.1,2.7,5.1,3.1,0,2.7,6.6,6.3,10,9.3,10,5.9,5.6,7.5,5.3,2.1,6.1,7.6,3.6,2.6,0.9,7.2,4,5.8,5.1,3.9,6.3,6.5,4.2,8.1,7.1,0,0,YES,0.216216216,6.9
Kiribati,KIR,3.7,Medium,78,5.422222222,2.5,4.4,0.1,0,7.7,0,8.4,3.6,4.8,0,0,0,4.1,5.2,6.4,0.7,7.4,2.7,0,8.9,2.6,0,3.4,4.8,4.8,5,x,5,4.6,4.5,3.7,5.6,13,0.254901961,,0.366666667,0
Korea DPR,PRK,4.1,Medium,65,6.713450292,2.7,4.5,4.4,6.4,0.9,5.7,6.3,3.5,2.9,0.3,0.4,0,3.8,4.6,6.9,x,0.1,3,0,3.9,1.7,0,9.5,5.2,6.7,8.2,x,8.2,4.4,6,3.4,3.9,16,0.31372549,,0.50877193,8.3
Korea Republic of,KOR,1.9,Very Low,166,3.733333333,3.6,6,6.9,7.1,5.7,8.3,7.1,0.3,2.9,0.1,0.1,0,1.2,0.4,0,1.3,0.1,2,3.4,0.3,0.2,0,1,0.4,1.5,2.3,1.5,3,0.7,0.9,0,1.1,9,0.176470588,,0.25,3.7
Kuwait,KWT,2.5,Low,139,3.644444444,1.4,2.3,0.1,3.7,0,0,5.2,1.6,3.6,0.3,0.4,0,3,1.7,1.4,4.1,0,4.2,6.7,0.2,0.7,0,0.6,0.4,3.7,5.5,x,5.5,1.2,0.7,1.6,1.3,13,0.254901961,,0.033333333,5.4
Kyrgyzstan,KGZ,3.1,Low,104,2.247619048,2.6,3.9,7.7,4.7,0,0,0,5.4,5,1.1,1.6,0,2.7,3.4,2.6,3,5.4,2,2.7,1.7,0.9,0.1,2.1,1.2,4.2,5.3,3.7,6.9,2.9,1.5,3.3,3.9,3,0.058823529,,0.271428571,7.4
Lao PDR,LAO,3.5,Medium,91,2.285714286,2.2,3.7,2.8,8.2,0,1.4,0,2.4,6.4,0.4,0.5,0,3.4,5.1,6.8,4.9,1.9,1.2,0,1.6,4,0.4,2.3,2.2,5.7,6.4,6.1,6.6,4.9,3.4,4.8,6.4,4,0.078431373,,0.228571429,7.2
Latvia,LVA,2.4,Low,143,2.566666667,1.3,2.3,0.1,6.6,0,0,3.6,2.2,1.2,0.1,0.1,0,4.2,1.1,0.7,2.4,0.6,6.4,9,0.7,0.2,0,1,0.5,2.5,3.7,x,3.7,1.1,1.3,0.7,1.4,9,0.176470588,,0.03125,4
Lebanon,LBN,4.1,Medium,65,3.61025641,2.1,3.5,8.2,0,3.9,0,3.2,1.6,3.8,0.5,0.7,0,7.1,4.9,3.9,3.8,7.8,8.5,10,0.1,0.7,10,1.3,5.2,4.5,6.2,4.7,7.6,2.3,2.2,0.5,4.3,8,0.156862745,,0.276923077,7.6
Lesotho,LSO,3.6,Medium,81,1.674074074,1.2,2.1,0.1,2.1,0,0,0,6.4,3.3,0.1,0.2,0,5.5,6.5,7.4,6.2,5.1,4.2,1.1,7.3,4,0,9.4,6.3,6.9,7.5,8.4,6.6,6.1,5.1,6.5,6.7,1,0.019607843,,0.263888889,6.1
Liberia,LBR,4.5,Medium,50,2.014814815,2.1,3.8,0.1,7.4,2.4,0,4.1,0.6,7.3,0.1,0.2,0,5.7,7.2,8.7,5.6,5.9,3.7,1.4,5.8,4.1,0.1,8.7,5.5,7.8,7.6,x,7.6,8,7.7,7.7,8.5,2,0.039215686,,0.277777778,7.5
Libya,LBY,4.8,Medium,40,4.635897436,4,3.3,1.4,0.6,5.4,0,5.4,5,3,4.6,6.6,0,4,3,3.4,3.5,1.6,4.9,7.3,0.5,1.7,0,1.5,0.9,6.8,8.4,x,8.4,4.4,6.3,3.5,3.4,10,0.196078431,,0.369230769,8.2
Liechtenstein,LIE,1,Very Low,190,4.444444444,0.8,1.6,5,3.6,0,0,0,0,1.2,0,0,0,0.9,0,0,x,0,1.7,3,x,0,0,0.4,0.1,1.4,2,x,2,0.7,1.4,0,x,27,0.529411765,,0.083333333,0
Lithuania,LTU,1.9,Very Low,166,3.4,1.2,2.2,0.1,5.8,0,0,3.3,2.9,1.5,0.1,0.1,0,2.7,0.8,0.5,2.1,0.2,4.2,6.7,0.3,0.5,0,0.9,0.4,2.2,3.4,x,3.4,0.7,1.2,0.4,0.6,9,0.176470588,,0.1875,3.9
Luxembourg,LUX,1.1,Very Low,189,4.395698925,0.5,1,0.1,2.9,0,0,0,1.1,2.2,0,0,0,2,0.5,0,1.4,0.5,3.3,5.4,0.2,0.2,0,1.2,0.4,1.4,2,x,2,0.7,1.1,0.1,0.8,11,0.215686275,,0.274193548,2.2
Madagascar,MDG,5.5,High,27,1.095890411,4,5.6,0.1,6.1,6.3,6.7,6.3,4.7,7,2,2.8,0,5.7,6.7,8.9,5.9,2.9,4.4,1.7,4.5,5.1,2.1,9.6,6.3,7.1,6,4.7,7.2,8,6.6,9.4,8.1,0,0,,0.205479452,7.5
Malawi,MWI,4.4,Medium,54,0.584474886,2.2,3.9,6.1,4.7,0,0,0,6,6.5,0.2,0.3,0,6.2,6.3,8.3,5.4,3.3,6,5,5.9,3,10,4.1,6.9,6.3,5.3,4,6.6,7.1,7.4,7.5,6.5,0,0,,0.109589041,6.6
Malaysia,MYS,2.9,Low,116,3.528205128,2.6,4.5,1.9,6.8,5.4,0,6.4,2.8,5.5,0.2,0.3,0,3.4,1.9,1.9,3.6,0,4.6,6.8,0.6,1.9,0.4,1.9,1.2,2.9,3.4,2.6,4.2,2.4,1.1,2.9,3.1,8,0.156862745,,0.261538462,5
Maldives,MDV,2.2,Low,154,4.5,1.5,2.8,0.1,0,9,0,0,0,3.1,0,0,0,2,2.9,2.4,2.9,3.8,1,0,0.6,1.9,0.1,4.4,1.9,3.7,5.5,5.8,5.1,1.4,1.3,0.1,2.7,10,0.196078431,,0.34375,6.1
Mali,MLI,6.8,Very High,15,0.864864865,7.2,3.8,0.1,7.9,0,0,0,5.7,6.8,9,9.6,9,6.7,7.1,9.5,5.5,3.7,6.3,7.7,4.1,5.8,3.9,2.9,4.3,6.5,6.1,4.9,7.3,6.8,6.5,6.3,7.6,0,0,YES,0.162162162,7.2
Malta,MLT,1.7,Very Low,175,4.686338798,0.9,1.7,0.1,0,5.8,0,0.7,0,3.2,0,0,0,2.1,0.5,0,1.9,0.2,3.4,5.4,0.1,0.4,0,2.5,0.8,2.6,4.1,x,4.1,0.8,1.6,0,0.8,12,0.235294118,,0.278688525,4.9
Marshall Islands,MHL,4.1,Medium,65,7.073446328,2.5,4.4,0.1,0,6.8,1.8,8.5,4.6,3.5,0,0,0,4.3,5.2,5.2,2.6,7.9,3.2,0,7,2.5,5.3,6.2,5.5,6.3,7.7,7.3,8,4.2,3.7,1.4,7.4,16,0.31372549,,0.576271186,0
Mauritania,MRT,4.3,Medium,58,1.97037037,2.3,4,0.4,6.1,1.1,0,4.4,6.6,6.1,0.2,0.3,0,5.6,6.3,8.3,5.2,3.2,4.8,6.8,1.2,4.1,0.3,1.8,2,6.1,5.8,4.8,6.8,6.4,4.6,7.1,7.4,1,0.019607843,,0.319444444,7
Mauritius,MUS,2.1,Very Low,157,3.856410256,1.7,3,0.1,0,4.5,7.8,0,0.8,3.7,0.1,0.1,0,1.9,3,2,3.8,4.1,0.6,0,1.1,1.3,0.2,2,1.2,2.8,3.7,3.2,4.2,1.7,1.9,0.2,3.1,8,0.156862745,,0.323076923,4.9
Mexico,MEX,4.9,High,37,1.916908213,6.8,6.5,8.2,7.8,5.5,7.1,6.3,3.3,5.6,7,10,7,4,3.2,3.7,4.6,0.6,4.8,7.3,0.8,1,0,0.9,0.7,4.4,5.7,5.1,6.3,2.8,2.2,3,3.2,4,0.078431373,YES,0.15942029,6.9
Micronesia,FSM,3.2,Medium,97,5.83908046,1.7,3.1,0.1,0,5.9,2.3,3.1,5.4,2.7,0,0,0,3.8,5.3,5.4,3.8,6.7,1.9,0,4.2,1.9,0,6.2,3.4,5.1,5.4,6,4.8,4.8,5.6,2.7,6,17,0.333333333,,0.344827586,0
Moldova Republic of,MDA,3.1,Low,104,4.031372549,1.8,3.2,5.8,4.5,0,0,0,4.6,4.9,0.1,0.1,0,3.9,2.9,2.4,1.5,5.2,4.7,7.2,1.1,0.8,0,0.9,0.7,4.4,6.1,6.2,6,2.1,1.9,1.4,2.9,6,0.117647059,,0.455882353,5.8
Mongolia,MNG,2.9,Low,116,2.226086957,1.7,3,2.1,6.7,0,0,0,6.5,1.7,0.1,0.1,0,3.3,3.7,4.4,3.1,2.7,2.9,0,2.7,0.8,9.1,2.9,5,4.5,5.7,5.1,6.3,3,1.2,5.4,2.4,4,0.078431373,,0.217391304,6.7
Montenegro,MNE,2.7,Low,128,2.509803922,1.7,3.1,5.5,1.3,6.1,0,3,1.6,2.3,0.1,0.1,0,3.6,2.9,2,2.3,5.3,4.3,6.8,0.2,0.5,0,0.2,0.2,3.1,4.7,4,5.3,1.2,0.8,0.7,2.2,5,0.098039216,,0.220588235,5.4
Morocco,MAR,3.6,Medium,81,2.266666667,3.2,4.3,4.4,5,4.5,0,5,6.4,3.5,2,2.8,0,3.2,4,4.8,4.7,1.6,2.2,3.5,0.5,1,0,0.8,0.6,4.7,5.7,5.6,5.7,3.4,2.3,3.5,4.4,1,0.019607843,,0.375,6.2
Mozambique,MOZ,6.7,High,16,1.303703704,6.1,5,3.3,6,3.8,2.7,5.5,5.7,6.7,7,9.8,7,7.9,7.7,9.3,7.3,4.7,8,8.8,8.2,4.4,5.9,7.9,6.9,6.2,4.6,2.1,7,7.4,7.5,8,6.6,1,0.019607843,YES,0.194444444,7.5
Myanmar,MMR,7.1,Very High,11,3.253521127,9,7.2,8.2,8.8,8.3,5.8,8,0.6,6.8,10,10,10,6.1,5.1,7.4,4,1.7,6.9,9,3.3,3.8,1.7,1.9,2.7,6.6,7.5,7.1,7.8,5.4,3.6,5.2,7.4,3,0.058823529,YES,0.338028169,8
Namibia,NAM,3.8,Medium,76,3.309589041,2.3,4.1,0.1,5.1,0,0,1.2,9.4,5,0.1,0.2,0,4.8,5.8,7.3,7.2,1.4,3.5,3.5,5.1,3,0.1,4.5,3.4,5,4.7,4.3,5,5.3,3.8,6.6,5.4,2,0.039215686,,0.520547945,5.1
Nauru,NRU,2.6,Low,132,6.41509434,1,1.9,0.1,0,6,0,0,0,4.3,0,0,0,3.5,3.4,2.2,1.9,7.1,3.5,2.5,6.8,2.1,0,6.2,4.3,5.3,7,8.1,5.8,2.9,2.6,1.3,4.7,21,0.411764706,,0.452830189,0
Nepal,NPL,4.1,Medium,65,1.866666667,3.2,5.1,9.8,6.9,0,0,0,2.9,6.6,0.6,0.8,0,4.1,5.3,6.5,4,4.2,2.7,3.6,2.3,3.2,0.1,1.4,1.8,5.4,6.1,5.4,6.7,4.5,3.7,4.4,5.3,3,0.058823529,,0.2,6.5
Netherlands,NLD,2.1,Very Low,157,4.483333333,2.9,5,1.8,8.6,0,0,10,0.6,1.9,0.1,0.1,0,2.6,0.1,0,0.3,0.1,4.6,7.1,0.1,0.3,0,1,0.4,1.2,1.8,1.7,1.8,0.6,1.5,0.1,0.3,9,0.176470588,,0.390625,2.1
New Zealand,NZL,1.4,Very Low,184,3.462295082,2.1,3.8,6,3.7,5.4,1.8,4.4,2.1,2.2,0,0,0,0.8,0.3,0,1.2,0.1,1.3,1.9,0.1,0.4,0.3,1.8,0.7,1.8,2.2,2.6,1.8,1.4,1.6,2,0.7,12,0.235294118,,0.049180328,1.5
Nicaragua,NIC,4.1,Medium,65,5.500497512,3.5,5.8,8.2,4.9,7.2,4.2,4.3,3.7,6.1,0.2,0.3,0,3.7,5.5,5.9,5.5,4.8,1.3,0.9,0.9,1,0,4.4,1.7,5.3,6.1,4.7,7.4,4.4,3.6,5.1,4.4,6,0.117647059,,0.731343284,8.3
Niger,NER,6.6,High,19,2.162962963,5.3,3.4,0.1,6.6,0,0,0,5,7.1,6.7,9.5,0,7.6,7.5,10,5.6,4.5,7.6,8.2,3.7,8.3,8.8,3.8,6.8,7.3,5.9,5.2,6.5,8.3,8.2,9.7,7.1,2,0.039215686,,0.305555556,6.8
Nigeria,NGA,6.6,High,19,0.936936937,7.4,4.6,0.1,8.2,0,0,6.4,2.2,8.2,9,10,9,6.4,5.6,7.8,5.8,1,7,8.2,5.3,6.3,4.9,4.2,5.2,6.2,5,2.7,7.3,7.1,5.3,6.6,9.3,0,0,YES,0.175675676,7.5
North Macedonia,MKD,2.2,Low,154,3.725252525,1.7,3,6.5,4.2,0,0,0,2.4,4.8,0.1,0.1,0,1.7,2.1,1.7,2,3,1.2,1.6,0.1,0.3,1,1.8,0.8,3.6,4.7,3.8,5.6,2.3,1.9,1.7,3.3,7,0.137254902,,0.348484848,5.8
Norway,NOR,1.7,Very Low,175,3.682539683,1.4,2.6,0.4,5.9,0,0,6.6,0.6,1.2,0,0,0,2.2,0.1,0,0.5,0,3.9,6.3,0.1,0.2,0,0.8,0.3,1.6,1.9,2.3,1.5,1.2,1.6,1.9,0.1,10,0.196078431,,0.19047619,1.6
Oman,OMN,2.5,Low,139,3.774358974,2.7,4.7,0.1,2.1,9,3.8,5.6,1.1,5.7,0.1,0.1,0,1.4,1.9,1.7,4,0.1,0.9,1,0.1,1.7,0,1,0.7,4.1,5.4,x,5.4,2.4,1.2,3.5,2.5,8,0.156862745,,0.307692308,5.7
Pakistan,PAK,6.1,High,23,2.45258216,7.2,7.3,9.2,9.5,6.1,7.1,4.4,3,7.7,7,10,0,5.9,5.3,7.9,4.2,1.3,6.4,7.6,1.7,5,6.9,4.8,4.9,5.3,5.3,4,6.6,5.2,5.5,4.8,5.4,3,0.058823529,,0.309859155,7.1
Palau,PLW,2.7,Low,128,5.142857143,1.3,2.4,0.1,0,4.4,0.5,4.5,3.5,2.4,0,0,0,3.9,4.1,2.7,x,6.8,3.7,0,0.5,1.2,10,6.2,6.2,4.1,5.8,5.9,5.6,1.8,1.4,1.4,2.6,19,0.37254902,,0.214285714,0
Palestine,PSE,3.7,Medium,78,4.711111111,2.1,1.7,4.7,0,0.8,0,0,0,4.4,2.5,3.5,0,6.1,3.8,2.5,2.2,7.9,7.7,10,0,0.8,0,2.4,0.8,4,6.1,5.7,6.5,0.9,2.3,0.2,0.3,14,0.274509804,,0.183333333,0
Panama,PAN,3.6,Medium,81,3.140298507,2.9,5,7.8,0.2,8.5,0,5.9,0.8,5.4,0.1,0.1,0,3.9,2.6,1.9,5.9,0.6,5,7.5,0.8,0.9,0.2,1.3,0.8,4,5,4.3,5.6,2.8,2,3.8,2.7,7,0.137254902,,0.23880597,6.5
Papua New Guinea,PNG,6.7,High,16,5.209950249,6.6,6.1,9.2,4.6,7.1,2.8,6.3,2.5,6.5,7,6.8,7,6,6.5,8.1,7,2.6,5.4,6.2,5.1,4.8,0.2,6.5,4.5,7.6,6.8,6.7,6.9,8.3,7.3,9.6,7.9,7,0.137254902,YES,0.626865672,7.1
Paraguay,PRY,2.7,Low,128,2.457971014,1.5,2.6,0.1,5.6,0,0,0,4.1,5.4,0.3,0.4,0,2.9,3.6,4.2,5.2,0.8,2.2,3.1,1.3,0.9,0.6,1.4,1.1,4.3,5.2,3.7,6.7,3.3,1.9,3,5.1,4,0.078431373,,0.260869565,7.2
Peru,PER,4.8,Medium,40,2.23681592,4.8,6.4,9.6,6.5,9.1,0,3.3,3.7,5.2,2.7,3.8,0,5.2,3.3,4.1,4.5,0.5,6.7,9.1,0.9,0.8,2.1,2.2,1.5,4.3,4.8,3.6,6,3.8,2.1,4.4,4.9,6,0.117647059,,0.119402985,6.7
Philippines,PHL,5.3,High,29,1.866666667,7.7,8.2,9.7,6.7,9.4,9.2,8.9,3.3,6.3,7,9.3,7,4.6,3.6,4.6,4.8,0.5,5.5,4.9,3.9,3.1,10,1.6,6.1,4.2,4.7,3.5,5.8,3.7,2.2,2.7,6.3,3,0.058823529,YES,0.2,6.6
Poland,POL,2.5,Low,139,4.867724868,1.5,2.8,0.7,5.9,0,0,5.7,1.9,2.6,0.1,0.2,0,3.6,0.6,0.5,1.2,0.3,5.8,8.5,0.1,0.3,0,0.7,0.3,2.9,4.4,4.3,4.5,1.1,1.3,0,2.1,10,0.196078431,,0.412698413,4.6
Portugal,PRT,2,Very Low,164,3.446153846,1.8,3.2,3.4,3.8,4.3,0,4.6,2.9,2.7,0.1,0.1,0,2.2,0.9,0.7,1.7,0.3,3.3,5.4,0.4,0.2,0,0.6,0.3,1.9,3,2.6,3.4,0.6,1.7,0,0.1,8,0.156862745,,0.246153846,3.9
Qatar,QAT,1.4,Very Low,184,4.385185185,0.9,1.7,0.1,0,0,0,3.5,4.3,2.9,0.1,0.1,0,1.2,1.2,0.9,2.9,0.1,1.2,1.7,0.4,0.4,0,1.5,0.6,2.6,4.1,4.7,3.5,0.8,1.1,0.2,1,12,0.235294118,,0.222222222,4.2
Romania,ROU,2.6,Low,132,3.65,2,3.5,6,6.1,0,0,2.9,1.9,5,0.1,0.2,0,2.7,1.8,1.6,3.1,0.7,3.5,5.8,0.4,0.5,0,0.2,0.3,3.3,4.7,3.8,5.5,1.5,1.5,0.9,2.2,9,0.176470588,,0.234375,5.4
Russian Federation,RUS,4.4,Medium,54,4.31827957,5.4,5.1,4.2,8.4,4.2,2.2,5.3,5.4,3.6,5.6,8,0,3.6,1.5,1.6,2.8,0,5.2,7.8,0.5,0.4,0,0.8,0.4,4.4,6.3,x,6.3,1.8,0.7,3.6,1,12,0.235294118,,0.209677419,7.4
Rwanda,RWA,4.2,Medium,62,0.792792793,2.5,2.8,4,2.6,0,0,0,4.3,6.1,2.2,3.2,0,5.9,6.5,8.1,5,4.6,5.3,6.4,3.1,2.4,0.4,7.7,4,5,3.9,3,4.7,6,5.7,6.1,6.1,0,0,,0.148648649,4.7
Saint Kitts and Nevis,KNA,1.9,Very Low,166,5.006289308,1.6,3,3.6,0,0,8.6,0,0,2.8,0,0,0,1.4,1.9,2.5,x,0.6,0.9,0,0,1.1,0,5,1.8,3,4.1,4,4.2,1.8,2.1,0.3,2.9,21,0.411764706,,0.188679245,0
Saint Lucia,LCA,2.8,Low,124,6.488888889,1.9,3.5,4.4,0,0,8,2.6,0.5,4.8,0,0,0,3,4.5,3.5,5.9,5,1.2,0,0,1.3,1.5,5,2.2,4,5.1,5.2,4.9,2.8,2.5,0.8,5.2,11,0.215686275,,0.666666667,4.5
Saint Vincent and the Grenadines,VCT,2.6,Low,132,5.523809524,1.8,3.3,4.8,0,0,7.8,1.8,0.5,4.1,0,0,0,3,4.7,3,5.2,7.4,0.8,0,0.2,1.1,3.4,1.4,1.6,3.4,4.2,x,4.2,2.4,2.3,0.8,4.1,17,0.333333333,,0.285714286,4
Samoa,WSM,3,Low,110,4.395698925,1.7,3.2,4.4,0,4.2,6.3,0,0.5,4.2,0,0,0,3.7,5.7,4.6,4.5,8.9,1,0,4.9,1.1,0,1.2,2,4.1,4.4,4.6,4.1,3.7,2.8,2.1,6.3,11,0.215686275,,0.274193548,0
Sao Tome and Principe,STP,2.6,Low,132,1.155555556,0.7,1.4,0.1,0,0,0,2.1,0,5.6,0,0,0,4.9,5.9,5.9,5.3,6.4,3.6,0,2,1.2,10,4.2,6,5.3,6,x,6,4.5,3.6,4.5,5.5,1,0.019607843,,0.166666667,5.5
Saudi Arabia,SAU,3.6,Medium,81,3.650793651,6.2,3.4,1.8,4.8,0,0,4.7,4.9,5.6,8,2,8,2.2,1.1,0.5,3.3,0,3.1,5,0.1,0.7,0,1.1,0.5,3.3,4.5,x,4.5,1.8,1.1,3.2,1.1,10,0.196078431,YES,0.047619048,4.8
Senegal,SEN,4.1,Medium,65,0.949771689,2.6,4.1,0.1,6.3,3.9,0,5.5,4.3,6.2,0.8,1.1,0,4.9,6.4,8.5,5.2,3.4,2.9,3.9,2,3.1,0.1,1.9,1.8,5.3,5,4.7,5.3,5.6,4.8,5.6,6.3,0,0,,0.178082192,5.7
Serbia,SRB,2.9,Low,116,2.698039216,1.8,3.3,5.3,7.7,0,0,0,2.2,3.8,0.1,0.1,0,3.5,1.6,1,2.1,2.2,5.1,7.7,0.2,0.3,0.2,0.7,0.4,3.7,5.3,4.9,5.7,1.6,1.5,1.2,2.2,6,0.117647059,,0.205882353,6.4
Seychelles,SYC,1.5,Very Low,182,5.21025641,1.2,2.2,0.1,0,7.8,0,0,0,2.8,0,0,0,1,1.5,2,1.8,0.1,0.4,0,0.1,1,0,2,0.8,2.6,3.7,4.3,3.1,1.4,1,0.8,2.5,10,0.196078431,,0.476923077,2.9
Sierra Leone,SLE,4.2,Medium,62,1.153153153,2.1,3.7,0.1,5.8,2.9,0,4.7,0.6,7.7,0.1,0.2,0,5.7,7.1,8.8,5.6,5.1,3.8,2,6.4,5.4,0.1,6.9,5.2,6.4,5.2,3.5,6.9,7.4,7.3,8.2,6.8,0,0,,0.216216216,6.5
Singapore,SGP,0.7,Very Low,191,3.707936508,0.6,1.1,0.1,0,0,0,1.9,0,4.6,0,0,0,0.5,0.1,0,0.5,0,0.9,1.1,0.4,0.2,0,1.7,0.6,1.1,1.2,1.2,1.1,0.9,1.1,0,1.5,12,0.235294118,,0.095238095,1.7
Slovakia,SVK,2.1,Very Low,157,3.851851852,1.3,2.4,3.7,6.8,0,0,0,1.1,2.4,0.1,0.1,0,2.8,1,1,1.2,0.6,4.3,6.6,0.1,0.4,0,2.1,0.7,2.5,3.9,3.4,4.3,0.9,1.5,0.1,1,10,0.196078431,,0.222222222,4.6
Slovenia,SVN,1.6,Very Low,179,3.733333333,1.7,3.2,5.9,5.6,3.5,0,3,0.6,1.5,0,0,0,1.4,0.2,0,0.5,0.2,2.4,3.9,0.1,0.2,0.2,1.6,0.5,1.6,2.2,0.9,3.5,0.9,1.3,0.1,1.4,9,0.176470588,,0.25,4.4
Solomon Islands,SLB,4.5,Medium,50,5.4,3.2,5.4,7.1,0,7.8,3.5,6.8,2.9,6,0.1,0.1,0,4.5,5.9,6.7,3,7.2,2.6,1.7,5.3,2.5,0,5.2,3.5,6.5,6.5,6.6,6.3,6.4,5,7.8,6.4,9,0.176470588,,0.5625,5.7
Somalia,SOM,8.5,Very High,2,6.487179487,8.9,6.6,1.2,7.8,6.7,1.7,5.9,10,6.5,10,10,10,8.2,7.4,8.9,2.9,9,8.8,10,2.2,6.8,3.7,9.4,6.4,8.5,9,x,9,8,7.5,7.5,8.9,9,0.176470588,YES,0.523076923,8.9
South Africa,ZAF,4.5,Medium,50,1.826484018,4.9,4.2,1.5,3.2,1,1.3,2.8,9.1,5,5.5,7.8,0,4.6,4.2,4.5,7.5,0.4,4.9,5.7,5.6,1.8,5.1,2.7,4,4,4.7,3.9,5.4,3.3,1.7,3.7,4.5,0,0,,0.342465753,5.9
South Sudan,SSD,8.5,Very High,2,5.982089552,7.2,3.8,2.6,7.8,0,0,0,3.3,7.3,9,10,9,9.2,9.1,10,6.3,10,9.2,10,6.4,6.9,10,5.7,7.8,9.4,9.3,x,9.3,9.5,9.3,9.6,9.6,9,0.176470588,YES,0.671641791,8.7
Spain,ESP,2.3,Low,151,3.483333333,2.3,3.8,2.9,6.4,4.6,0,4.9,3.6,2.9,0.4,0.5,0,2.9,0.5,0,1.7,0.1,4.7,7.3,0.2,0.2,0,1.1,0.4,1.8,2.9,2.2,3.6,0.5,1.3,0,0.3,9,0.176470588,,0.203125,4
Sri Lanka,LKA,3.1,Low,104,2.981094527,2.7,4,0.1,1.9,8,2.2,3.3,3.5,5.5,1.1,1.5,0,2.7,2.9,3.2,4.2,0.8,2.4,3.3,0.3,2.6,0.8,2.3,1.5,3.9,4.7,3.6,5.8,2.9,2,2.7,4,7,0.137254902,,0.208955224,6.6
Sudan,SDN,7.3,Very High,8,2.666666667,7.2,3.8,0.1,8.6,0,0,0.8,3.9,6.6,9,10,9,7.9,6.6,8.5,4.9,4.4,8.8,10,1.6,5.8,10,3.2,6.5,6.7,6.5,4.9,8.1,6.9,6.1,8.3,6.4,0,0,YES,0.5,8
Suriname,SUR,3,Low,110,2.755555556,1.8,3.3,0.1,8.6,0,0,1.6,1.1,5.6,0.1,0.1,0,3,3.6,3.7,5.7,1.3,2.4,3,1,1.4,1.1,3.2,1.7,5.1,6.2,x,6.2,3.7,1.8,3.7,5.7,7,0.137254902,,0.166666667,6
Sweden,SWE,1.9,Very Low,166,3.733333333,1.4,2.5,0.1,6.3,0,0,5.8,0.6,1.8,0.1,0.2,0,3.1,0.2,0,0.7,0.1,5.3,8,0.1,0.2,0,1.4,0.4,1.5,2.1,2.5,1.7,0.9,1.7,0.9,0.2,13,0.254901961,,0.05,1.8
Switzerland,CHE,1.4,Very Low,184,3.36344086,1.2,2.2,4.6,5.9,0,0,0,1.1,1.9,0.1,0.1,0,2.8,0.4,0,1.1,0.4,4.7,7.3,0.1,0.3,0.2,1.1,0.4,0.9,1.2,0.9,1.4,0.6,1.5,0,0.3,11,0.215686275,,0.080645161,1.8
Syria,SYR,7.2,Very High,9,6.636363636,8.5,5.1,7.2,6.3,2.4,0,2.1,7.8,6,10,10,10,7.8,6.5,6.5,6.4,6.7,8.8,10,0.5,2,10,7,6.5,5.6,6.6,4.6,8.6,4.4,4.1,2.9,6.3,9,0.176470588,YES,0.545454545,8.7
Tajikistan,TJK,4.4,Medium,54,4.579710145,4.8,5,8.1,6.6,0,0,0,7.6,6.1,4.6,6.6,0,3.7,4.6,4.9,3.1,5.4,2.7,3.7,1.5,2.1,0.1,2.7,1.6,4.9,5.8,4.6,6.9,3.8,3,4.4,3.9,5,0.098039216,,0.608695652,8
Tanzania,TZA,5.1,High,33,1.242009132,4.1,4.3,4.4,4.2,3.1,0.7,3.2,5.5,7,3.9,5.5,0,5.5,5.9,8.2,5.7,1.5,5.1,6.1,4.9,3.2,0.8,5.8,3.9,5.9,4.9,3.5,6.3,6.8,5.5,8.3,6.6,0,0,,0.232876712,6
Thailand,THA,4.4,Medium,54,1.530434783,5.6,5.8,1.7,9.8,5.8,1.6,5.5,5.2,5.4,5.4,7.7,0,3.8,1.8,1.6,3.5,0.3,5.3,7.6,1,1.2,1.3,2.2,1.4,3.9,5.1,4.7,5.5,2.4,1.1,1.9,4.1,4,0.078431373,,0.086956522,6.5
Timor-Leste,TLS,3.6,Medium,81,2.980392157,1.8,3.2,5.7,0,3.9,0.5,3.3,1.5,5.7,0.1,0.1,0,4.6,6.2,7.6,3,6.4,2.5,0,3.3,5.5,2.7,5.9,4.5,5.7,6.3,6.3,6.3,5,4.2,5.3,5.6,5,0.098039216,,0.308823529,5.7
Togo,TGO,4.3,Medium,58,1.369369369,2.1,2.4,0.1,3,0,0,0.7,2.1,7.3,1.7,2.4,0,4.9,6.1,7.8,6.1,2.5,3.5,3.5,4,4.1,0.1,4.6,3.4,7.5,8,9.2,6.7,6.9,5.9,7.7,7.1,0,0,,0.256756757,6.9
Tonga,TON,3.3,Medium,94,4.554497354,2.1,3.8,7,0,5.7,5.6,0,0.5,4.3,0,0,0,4.3,5.1,2.5,5.3,10,3.5,0,2,0.6,10,4,5.9,4,5.1,5.8,4.4,2.6,2.5,0.4,5,12,0.235294118,,0.253968254,0
Trinidad and Tobago,TTO,2.8,Low,124,6.15,2,3.5,5.8,0,0,5.7,2.7,2.4,5.2,0.1,0.1,0,3.4,2,1.6,4.6,0.3,4.5,6.2,0.5,1.2,3.3,3.7,2.3,3.2,4.8,4.4,5.2,1.1,1.5,0.3,1.5,9,0.176470588,,0.703125,5.8
Tunisia,TUN,3,Low,110,1.822222222,2.6,4.1,5.4,3.7,5.9,0,6.5,2.4,2.6,0.8,1.2,0,2.2,2.5,2.6,2.7,2.2,1.8,3.1,0.3,0.9,0,0.2,0.4,4.7,6.1,6.4,5.7,2.8,2.3,2.4,3.8,1,0.019607843,,0.291666667,6
Turkey,TUR,4.8,Medium,40,4.348717949,6,5.3,9.3,6,5,0,4.6,0.6,6,6.6,9.4,0,5.6,1.7,1.2,3.9,0.6,7.9,9.4,0.1,0.5,10,0,4.9,3.2,4,2.1,5.8,2.3,1.9,1.9,3,8,0.156862745,,0.415384615,6.6
Turkmenistan,TKM,2.9,Low,116,3.967676768,2.4,4.1,3,8.3,0,0,4.3,3.8,5.4,0.3,0.4,0,1.7,1.5,1.7,2.4,0.1,1.9,2.6,0.3,2,0,2.2,1.2,5.8,7.5,x,7.5,3.2,3.3,3.3,3,7,0.137254902,,0.393939394,8.2
Tuvalu,TUV,3,Low,110,6.095238095,1.3,2.4,0.1,0,5.8,0.2,0,4.4,3.8,0,0,0,4.7,4.9,4.4,3.5,7.1,4.4,0,7.7,1.1,10,4,7.1,4.6,6,x,6,2.8,3,0.6,4.9,19,0.37254902,,0.392857143,0
Uganda,UGA,7,Very High,12,1.837037037,7.2,3.8,3.7,3.9,0,0,0,6.3,8,9,8.3,9,6.9,6.3,8.4,5.8,2.7,7.4,8.8,6.5,2.5,0.7,7.7,5,6.9,6.8,x,6.8,7,6.4,8.5,6,3,0.058823529,YES,0.194444444,7.4
Ukraine,UKR,5.1,High,33,4.533333333,5.4,3.1,2,6.2,0,0,5.1,2.4,4.1,7,10,0,5.6,2.1,1.3,1.5,4.3,7.8,10,0.9,0.6,0,2.2,1,4.5,6.3,x,6.3,2,1.4,1.4,3.2,9,0.176470588,,0.4,6.4
United Arab Emirates,ARE,1.7,Very Low,175,3.005291005,2.5,4.4,0.1,0.6,6,0.4,8.4,5,5.4,0.1,0.2,0,1,0.1,0,0.5,0,1.9,3.1,0.1,0.5,0,1.3,0.5,1.8,2.5,2.1,2.8,1,0.2,1.8,1,10,0.196078431,,0.063492063,3.2
United Kingdom,GBR,2.1,Very Low,157,4.161748634,2.1,3.4,0.1,5.7,1.9,0,8.3,1.4,1.8,0.6,0.9,0,2.7,0.4,0,1.6,0,4.5,7.1,0.1,0.3,0,0.8,0.3,1.6,2.4,2.1,2.6,0.8,1.5,0,1,12,0.235294118,,0.180327869,2.9
United States of America,USA,3.2,Medium,97,3.936507937,4.8,6.9,7.7,7.5,7.2,7.7,8.4,3.6,4.1,1.7,2.4,0,3,0.8,0,3.1,0,4.8,7.5,0.3,0.3,0,0,0.2,2.2,2.9,3,2.7,1.4,1.9,0.9,1.3,10,0.196078431,,0.238095238,3.1
Uruguay,URY,2.1,Very Low,157,3.983333333,1.1,2.1,0.1,3.9,0,0,3.8,2.7,3,0,0,0,3.1,1.8,1.8,3.5,0.1,4.2,5.7,0.7,0.4,6,0.8,2.4,2.6,3.5,4,3,1.6,1.1,2.4,1.2,9,0.176470588,,0.296875,2.7
Uzbekistan,UZB,3.2,Medium,97,2.583084577,3,4.9,7,8.3,0,0,0,6.6,5.9,0.6,0.8,0,3,3.2,3.2,3,3.2,2.7,4.4,0.4,0.8,0,0.8,0.5,3.6,4.4,2.6,6.2,2.6,1.8,2.9,3.2,7,0.137254902,,0.134328358,6.7
Vanuatu,VUT,4.2,Medium,62,4.613756614,2.9,5,6.2,0,7,6.4,4.8,4.3,4.3,0,0,0,4.5,5.3,5.9,1.8,7.5,3.6,0,3.5,2.2,10,2.4,6,5.5,5.6,5.4,5.7,5.4,3.7,5.5,7.1,10,0.196078431,,0.365079365,5.2
Venezuela,VEN,4.7,Medium,45,4.457142857,5.3,5.9,8.2,5.7,5.4,5.6,6.7,1.9,5.8,4.6,6.6,0,3.8,4.1,4.2,6.6,1.5,3.4,4.1,1.3,1.3,1.5,5.5,2.6,5,5.6,2.5,8.7,4.4,2.9,3.7,6.5,11,0.215686275,,0.285714286,8.7
Viet Nam,VNM,3.7,Medium,78,1.916908213,4.6,7.3,3.5,9.9,5.9,5.9,9.6,3.4,6.9,0.1,0.2,0,2.7,2.8,3.6,3.4,0.7,2.5,3.6,1.1,2.1,0.4,1.3,1.2,4,4.7,4.2,5.1,3.3,1.7,3.1,5.1,4,0.078431373,,0.15942029,5.9
Yemen,YEM,7.5,Very High,7,7,6.5,4.3,1.7,6,3.6,3.5,4.7,2.2,7,8,10,8,8.2,7.7,8.9,6.5,6.3,8.6,10,1.3,6.9,1,8.4,5.3,7.9,8.8,8.5,9,6.7,5.9,7.6,6.6,6,0.117647059,YES,0.797101449,8.4
Zambia,ZMB,3.9,Medium,74,1.947031963,1.8,3.1,2.4,4.8,0,0,0,4.9,6.5,0.3,0.4,0,5.9,6.4,7.9,7.6,2,5.3,5.1,7,3.5,2.8,7.4,5.5,5.7,5.1,3.5,6.7,6.3,5.2,8.1,5.7,1,0.019607843,,0.315068493,6.3
Zimbabwe,ZWE,4.1,Medium,65,0.915315315,2.3,3.9,1.8,3.6,0,0,0,9.4,4.9,0.4,0.6,0,5.3,5.9,6.9,6.7,2.9,4.6,4,4.7,3,0.3,9,5.2,5.8,5.1,2.6,7.6,6.4,4.9,7.8,6.5,1,0.019607843,,0.121621622,7.6